Kalimat,kata,pos,tag
Kalimat 1,forza,,B-Game
Kalimat 1,horizon,,E-Game
Kalimat 1,5,,O
Kalimat 1,om,,O
Kalimat 1,install,,O
Kalimat 2,gan,,O
Kalimat 2,pc,,B-Device
Kalimat 2,only,,O
Kalimat 2,dalem,,B-Lengkap
Kalimat  3,gan,,O
Kalimat  3,maenin,,O
Kalimat  3,game,,O
Kalimat  3,iya,,O
Kalimat  3,fc,,B-Game
Kalimat  3,24,,O
Kalimat  3,call,,B-Game
Kalimat  3,of,,I-Game
Kalimat  3,duty,,E-Game
Kalimat  3,modern,,B-Game
Kalimat  3,warfare2,,E-Game
Kalimat 4,gan,,O
Kalimat 4,pb,,B-Game
Kalimat 4,gta,,B-Game
Kalimat 4,5,,O
Kalimat 5,installin,,O
Kalimat 5,ets2,,B-Game
Kalimat 5,gta,,B-Game
Kalimat 5,roleplay,,E-Game
Kalimat 5,sisa,,O
Kalimat 5,kosong,,O
Kalimat 6,bang,,O
Kalimat 6,beli,,O
Kalimat 6,gamenya,,O
Kalimat 6,ilangin,,O
Kalimat 6,ajar,,O
Kalimat 6,download,,O
Kalimat 6,bang,,O
Kalimat 7,tambah,,O
Kalimat 7,hdd,,B-Spek
Kalimat 7,1,,O
Kalimat 7,tera,,O
Kalimat 8,gan,,O
Kalimat 8,komponen,,B-Spek
Kalimat 8,pc,,B-Device
Kalimat 8,orisinal,,B-Original
Kalimat 9,gan,,O
Kalimat 9,windows,,B-Spek
Kalimat 9,10,,O
Kalimat 9,pro,,O
Kalimat 9,original,,B-Original
Kalimat 10,monitor,,B-Device
Kalimat 10,req,,O
Kalimat 10,hp24c,,O
Kalimat 10,gan,,O
Kalimat 11,gta,,B-Game
Kalimat 11,roplay,,E-Game
Kalimat 11,kuat,,O
Kalimat 11,gan,,O
Kalimat 12,req,,O
Kalimat 12,game,,B-Game
Kalimat 13,gan,,O
Kalimat 13,toko,,B-Tempat
Kalimat 13,asli,,O
Kalimat 13,mana,,O
Kalimat 14,assalamualaikum,,O
Kalimat 14,kak,,O
Kalimat 14,maaf,,O
Kalimat 14,kak,,O
Kalimat 14,beli,,B-Bayar
Kalimat 14,bayar,,B-Bayar
Kalimat 14,cicil,,B-Bayar
Kalimat 14,seumpma,,O
Kalimat 14,cicil,,B-Bayar
Kalimat 14,ambil,,O
Kalimat 14,12,,O
Kalimat 14,buln,,O
Kalimat 14,seumpm,,O
Kalimat 14,uang,,B-Bayar
Kalimat 14,lunasin,,B-Bayar
Kalimat 14,biar,,O
Kalimat 14,sethun,,O
Kalimat 15,tegang,,B-Spek
Kalimat 15,rumah,,O
Kalimat 15,cuman,,O
Kalimat 15,450,,O
Kalimat 15,kuat,,O
Kalimat 16,i7,,B-Spek
Kalimat 16,860,,O
Kalimat 16,bagus,,O
Kalimat 16,beli,,B-Bayar
Kalimat 16,cuman,,O
Kalimat 16,ragu,,O
Kalimat 16,gen,,B-Spek
Kalimat 17,gan,,O
Kalimat 17,proxessornya,,B-Spek
Kalimat 17,gen,,B-Spek
Kalimat 17,gen,,B-Spek
Kalimat 17,8,,O
Kalimat 17,kah,,O
Kalimat 18,sore,,O
Kalimat 18,gan,,O
Kalimat 18,pc,,B-Device
Kalimat 18,terima,,O
Kalimat 18,kasih,,O
Kalimat 19,game,,B-Game
Kalimat 19,forza,,B-Game
Kalimat 19,horizon,,E-Game
Kalimat 20,monitor,,B-Device
Kalimat 20,ganti,,O
Kalimat 20,curve,,O
Kalimat 21,gan,,O
Kalimat 21,ganti,,O
Kalimat 21,gtx,,B-Device
Kalimat 21,1650,,O
Kalimat 21,tambah,,O
Kalimat 22,gan,,O
Kalimat 22,nanya,,O
Kalimat 22,windows,,B-Spek
Kalimat 22,orisinal,,B-Original
Kalimat 22,trial,,B-Original
Kalimat 22,request,,O
Kalimat 22,game,,B-Game
Kalimat 23,gan,,O
Kalimat 23,processor,,B-Spek
Kalimat 23,ganti,,O
Kalimat 23,ryzen,,B-Spek
Kalimat 23,5,,O
Kalimat 23,3400g,,O
Kalimat 23,tambah,,B-Bayar
Kalimat 24,monitor,,B-Device
Kalimat 24,gan,,O
Kalimat 25,kirim,,B-Pengiriman
Kalimat 25,tangsel,,E-Pengiriman
Kalimat 25,request,,O
Kalimat 25,game,,B-Game
Kalimat 25,maks,,O
Kalimat 26,adobe,,B-Software
Kalimat 26,premier,,I-Software
Kalimat 26,pro,,I-Software
Kalimat 26,after,,I-Software
Kalimat 26,effect,,E-Software
Kalimat 26,lancar,,O
Kalimat 26,gan,,O
Kalimat 27,pagi,,O
Kalimat 27,nanya,,O
Kalimat 27,gan,,O
Kalimat 27,1,,O
Kalimat 27,barang,,B-Device
Kalimat 27,ken,,B-Original
Kalimat 27,2,,O
Kalimat 27,osnya,,B-Spek
Kalimat 27,orisinal,,B-Original
Kalimat 27,office,,B-Software
Kalimat 27,dll,,O
Kalimat 27,orisinal,,B-Original
Kalimat 27,baja,,B-Original
Kalimat 27,kudu,,O
Kalimat 27,panjang,,O
Kalimat 27,tahun,,O
Kalimat 27,3,,O
Kalimat 27,kirim,,B-Pengiriman
Kalimat 27,jakarta,,E-Pengiriman
Kalimat 27,makasiih,,O
Kalimat 28,gan,,O
Kalimat 28,watnya,,B-Spek
Kalimat 28,iya,,O
Kalimat 28,listrik,,O
Kalimat 28,1300,,O
Kalimat 29,gan,,O
Kalimat 29,makan,,O
Kalimat 29,gta,,B-Game
Kalimat 29,roleplay,,E-Game
Kalimat 30,cpu,,B-Spek
Kalimat 30,gen,,E-Spek
Kalimat 31,bos,,O
Kalimat 31,game,,B-Game
Kalimat 31,request,,O
Kalimat 31,maksimal,,O
Kalimat 31,game,,B-Game
Kalimat 32,makan,,O
Kalimat 32,csgo,,B-Game
Kalimat 32,valorant,,B-Game
Kalimat 33,ganti,,O
Kalimat 33,ssd,,B-Spek
Kalimat 33,240,,O
Kalimat 33,gb,,O
Kalimat 33,ram,,B-Spek
Kalimat 33,32gb,,O
Kalimat 33,gan,,O
Kalimat 34,bayar,,B-Bayar
Kalimat 34,kirim,,B-Pengiriman
Kalimat 35,gan,,O
Kalimat 35,cod,,B-Pengiriman
Kalimat 36,gtx,,B-Spek
Kalimat 36,varian,,O
Kalimat 36,deskripsi,,O
Kalimat 36,beda,,O
Kalimat 37,monitor,,B-Device
Kalimat 37,deskripsi,,O
Kalimat 38,kuat,,O
Kalimat 38,main,,O
Kalimat 38,fifa,,B-Game
Kalimat 38,23,,O
Kalimat 38,gow,,B-Game
Kalimat 38,ragnarok,,B-Game
Kalimat 38,nih,,O
Kalimat 38,min,,O
Kalimat 39,kak,,O
Kalimat 39,main,,O
Kalimat 39,game,,B-Game
Kalimat 39,gta,,B-Game
Kalimat 39,5,,I-Game
Kalimat 39,roleplay,,E-Game
Kalimat 39,kak,,O
Kalimat 40,bang,,O
Kalimat 40,nanya,,O
Kalimat 40,makan,,O
Kalimat 40,game,,B-Game
Kalimat 40,genshin,,B-Game
Kalimat 40,impact,,E-Game
Kalimat 40,kuat,,O
Kalimat 40,bang,,O
Kalimat 40,ngejoki,,O
Kalimat 40,bang,,O
Kalimat 41,kak,,O
Kalimat 41,varian,,O
Kalimat 41,vga,,B-Spek
Kalimat 41,4gb,,I-Spek
Kalimat 41,gtx750,,E-Spek
Kalimat 41,memori,,B-Spek
Kalimat 41,16gb,,E-Spek
Kalimat 41,kira,,O
Kalimat 41,kuat,,O
Kalimat 41,kak,,O
Kalimat 41,makan,,O
Kalimat 41,gta,,B-Game
Kalimat 41,roleplay,,B-Game
Kalimat 42,toko,,B-Tempat
Kalimat 42,harga,,B-Bayar
Kalimat 42,gan,,O
Kalimat 43,kak,,O
Kalimat 43,procesor,,B-Spek
Kalimat 43,i7,,I-Spek
Kalimat 43,generasi,,E-Spek
Kalimat 43,berapa,,O
Kalimat 44,kak,,O
Kalimat 44,instal,,O
Kalimat 44,game,,B-Game
Kalimat 44,sims,,B-Game
Kalimat 44,4,,E-Game
Kalimat 44,kak,,O
Kalimat 45,game,,B-Game
Kalimat 45,new,,B-Game
Kalimat 45,world,,E-Game
Kalimat 46,core,,B-Spek
Kalimat 46,i7,,I-Spek
Kalimat 46,gen,,E-Spek
kalimat 47,bang,,O
kalimat 47,makan,,O
kalimat 47,gta,,B-Game
kalimat 47,5,,E-Game
kalimat 47,online,,O
Kalimat 48,gan,,O
Kalimat 48,kuat,,O
Kalimat 48,editing,,O
Kalimat 48,minimal,,O
Kalimat 48,speknya,,B-Spek
Kalimat 48,core,,B-Spek
Kalimat 48,i7,,E-Spek
Kalimat 48,pakai,,O
Kalimat 48,master,,B-Software
Kalimat 48,kuat,,O
Kalimat 49,min,,O
Kalimat 49,makan,,O
Kalimat 49,valoran,,B-Game
Kalimat 49,cod,,B-Game
Kalimat 49,warzone,,E-Game
Kalimat 50,ready,,B-Ketersediaan
Kalimat 50,kak,,O
Kalimat 50,spek,,B-Spek
Kalimat 50,upgrade,,B-Request
Kalimat 50,processor,,B-Spek
Kalimat 51,om,,O
Kalimat 51,speck,,B-Spek
Kalimat 51,3d,,B-Kegiatan
Kalimat 51,rander,,B-Kegiatan
Kalimat 51,berat,,O
Kalimat 51,kah,,O
Kalimat 52,the,,B-Game
Kalimat 52,elder,,I-Game
Kalimat 52,scroll,,E-Game
Kalimat 52,kuat,,O
Kalimat 52,rata,,O
Kalimat 52,kanan,,O
Kalimat 53,yahh,,O
Kalimat 54,redy,,B-Ketersediaan
Kalimat 54,bang,,O
Kalimat 55,slot,,O
Kalimat 55,dvd,,B-Spek
Kalimat 56,gan,,O
Kalimat 56,1,,O
Kalimat 56,set,,O
Kalimat 56,cpu,,B-Spek
Kalimat 56,keyboard,,B-Device
Kalimat 56,mouse,,B-Device
Kalimat 56,monitor,,B-Device
Kalimat 56,gambar,,O
Kalimat 57,live,,B-Kegiatan
Kalimat 57,streaming,,B-Kegiatan
Kalimat 58,ready,,B-Ketersediaan
Kalimat 58,gan,,O
Kalimat 59,nego,,B-Bayar
Kalimat 59,bang,,O
Kalimat 60,geming,,B-Game
Kalimat 60,ff,,B-Game
Kalimat 60,pubg,,B-Game
Kalimat 61,barang,,O
Kalimat 61,ready,,B-Ketersediaan
Kalimat 62,han,,O
Kalimat 62,window,,B-Spek
Kalimat 62,orisinal,,B-Original
Kalimat 62,lifetime,,E-Original
Kalimat 62,window,,B-Spek
Kalimat 62,crack,,B-Original
Kalimat 63,req,,B-Request
Kalimat 63,game,,B-Game
Kalimat 64,gan,,O
Kalimat 64,i7,,B-Spek
Kalimat 64,gen,,E-Spek
Kalimat 65,generasi,,O
Kalimat 65,1,,O
Kalimat 65,core,,B-Spek
Kalimat 65,i7,,E-Spek
Kalimat 65,kak,,O
Kalimat 66,pakai,,O
Kalimat 66,live,,B-Kegiatan
Kalimat 66,ome,,I-Kegiatan
Kalimat 66,tv,,E-Kegiatan
Kalimat 66,lancar,,O
Kalimat 66,bang,,O
Kalimat 67,install,,O
Kalimat 67,genshin,,B-Game
Kalimat 68,gan,,O
Kalimat 68,bebas,,B-Pengiriman
Kalimat 68,ongkirx,,E-Pengiriman
Kalimat 68,papua,,B-Tempat
Kalimat 68,lwat,,O
Kalimat 68,jalur,,B-Pengiriman
Kalimat 68,udara,,E-Pengiriman
Kalimat 69,ganti,,B-Request
Kalimat 69,gtx,,B-Spek
Kalimat 69,1050,,I-Spek
Kalimat 69,ti,,E-Spek
Kalimat 69,gan,,O
Kalimat 70,barang,,O
Kalimat 71,gan,,O
Kalimat 71,ready,,B-Ketersediaan
Kalimat 71,sesuai,,O
Kalimat 71,deskripsi,,O
Kalimat 71,gan,,O
Kalimat 72,cpunya,,B-Spek
Kalimat 72,ngab,,O
Kalimat 73,instal,,O
Kalimat 73,game,,B-Game
Kalimat 73,naruto,,B-Game
Kalimat 73,strom,,I-Game
Kalimat 73,4,,E-Game
Kalimat 73,abang,,O
Kalimat 74,ganti,,O
Kalimat 74,mobo,,B-Spek
Kalimat 74,procesor,,B-Spek
Kalimat 74,baru,,O
Kalimat 74,kah,,O
Kalimat 74,gan,,O
Kalimat 74,gen,,B-Spek
Kalimat 74,11,,E-Spek
Kalimat 75,makan,,O
Kalimat 75,jurassic,,B-Game
Kalimat 75,world,,I-Game
Kalimat 75,evolution,,I-Game
Kalimat 75,2,,E-Game
Kalimat 76,kak,,O
Kalimat 76,gambar,,O
Kalimat 76,tiga,,O
Kalimat 76,jual,,O
Kalimat 76,ready,,B-Ketersediaan
Kalimat 77,kak,,O
Kalimat 77,gambar,,O
Kalimat 77,tiga,,O
Kalimat 77,jual,,O
Kalimat 77,benar,,O
Kalimat 78,i7,,B-Spek
Kalimat 78,gen,,E-Spek
Kalimat 79,gan,,O
Kalimat 79,vga,,B-Spek
Kalimat 79,ganti,,B-Request
Kalimat 79,gtx,,B-Spek
Kalimat 79,1050ti,,E-Spek
Kalimat 79,gan,,O
Kalimat 80,makan,,O
Kalimat 80,gta,,B-Game
Kalimat 80,5,,I-Game
Kalimat 80,roleplay,,E-Game
Kalimat 80,valorant,,B-Game
Kalimat 80,gan,,O
Kalimat 81,install,,O
Kalimat 81,optitex,,B-Software
Kalimat 81,17,,E-Software
Kalimat 81,om,,O
Kalimat 82,gan,,O
Kalimat 82,vga,,B-Spek
Kalimat 82,ganti,,B-Request
Kalimat 82,gtx,,B-Spek
Kalimat 82,750,,I-Spek
Kalimat 82,ti,,E-Spek
Kalimat 82,2gb,,O
Kalimat 82,ddr5 second,,O
Kalimat 83,gan,,O
Kalimat 83,ganti,,B-Request
Kalimat 83,monitor,,B-Device
Kalimat 83,ssd,,B-Spek
Kalimat 83,512,,O
Kalimat 83,gan,,O
Kalimat 84,game,,B-Game
Kalimat 84,instal,,O
Kalimat 85,editing,,B-Kegiatan
Kalimat 85,video,,E-Kegiatan
Kalimat 85,gan,,O
Kalimat 85,rekomendasi,,B-Request
Kalimat 85,pc,,B-Device
Kalimat 85,editing,,B-Kegiatan
Kalimat 85,video,,E-Kegiatan
Kalimat 85,toko,,B-Tempat
Kalimat 86,include,,B-Ketersediaan
Kalimat 86,speaker,,B-Device
Kalimat 86,bos,,O
Kalimat 87,halloooo,,O
Kalimat 88,ganti,,B-Request
Kalimat 88,core,,B-Spek
Kalimat 88,i3,,I-Spek
Kalimat 88,10140,,E-Spek
Kalimat 88,gan,,O
Kalimat 88,harga,,B-Harga
Kalimat 89,vga,,B-Spek
Kalimat 89,double,,O
Kalimat 89,vga,,B-Spek
Kalimat 89,ready,,B-Ketersediaan
Kalimat 90,gan,,O
Kalimat 91,pakai,,O
Kalimat 91,paylater,,B-Bayar
Kalimat 91,bri,,I-Bayar
Kalimat 91,ceria,,E-Bayar
Kalimat 91,kak,,O
Kalimat 91,bayar,,B-Bayar
Kalimat 92,gan,,O
Kalimat 92,cicil klo,,O
Kalimat 92,cicil,,B-Bayar
Kalimat 92,minimal,,O
Kalimat 92,bayar,,B-Bayar
Kalimat 92,bulan,,O
Kalimat 92,hhe,,O
Kalimat 93,makan,,O
Kalimat 93,genshin,,B-Game
Kalimat 93,impact,,E-Game
Kalimat 93,rata,,O
Kalimat 93,kanan,,O
Kalimat 93,bang,,O
Kalimat 94,full,,B-FullsetAtauRakit
Kalimat 94,set,,I-FullsetAtauRakit
Kalimat 94,tinggal,,I-FullsetAtauRakit
Kalimat 94,pakai,,E-FullsetAtauRakit
Kalimat 95,live,,B-Kegiatan
Kalimat 95,stream,,E-Kegiatan
Kalimat 95,pubgm,,B-Game
Kalimat 95,ml,,B-Game
Kalimat 96,ongkir,,B-Pengiriman
Kalimat 97,assalmmualaikum kak,,B-FullsetAtauRakit
Kalimat 97,full,,B-FullsetAtauRakit
Kalimat 97,set,,B-FullsetAtauRakit
Kalimat 98,vga,,B-Spek
Kalimat 98,4,,O
Kalimat 98,gb,,O
Kalimat 99,gan,,O
Kalimat 99,gamenya,,B-Game
Kalimat 99,pilih,,B-Request
Kalimat 100,genshin,,B-Game
Kalimat 100,impact,,E-Game
Kalimat 101,apex,,B-Game
Kalimat 101,legends,,E-Game
Kalimat 101,gan,,O
Kalimat 102,i7,,B-Spek
Kalimat 102,ganti,,B-Request
Kalimat 102,baru,,O
Kalimat 102,gan,,O
Kalimat 102,ganti,,B-Request
Kalimat 102,vga,,B-Spek
Kalimat 102,gtx,,B-Spek
Kalimat 102,1050,,B-Spek
Kalimat 102,4gb,,O
Kalimat 103,makan,,O
Kalimat 103,genshin,,B-Game
Kalimat 103,impact,,E-Game
Kalimat 103,live,,B-Kegiatan
Kalimat 103,streaming,,E-Kegiatan
Kalimat 104,game,,B-Game
Kalimat 104,last,,B-Game
Kalimat 104,of,,I-Game
Kalimat 104,us,,E-Game
Kalimat 105,design,,B-Kegiatan
Kalimat 105,editing,,B-Kegiatan
Kalimat 105,rendering,,B-Kegiatan
Kalimat 106,tuh,,O
Kalimat 106,set,,B-FullsetAtauRakit
Kalimat 107,fps,,O
Kalimat 107,gan,,O
Kalimat 107,gta,,B-Game
Kalimat 107,5,,E-Game
Kalimat 108,kuat,,O
Kalimat 108,makan,,O
Kalimat 108,rdr2,,B-Game
Kalimat 109,admin,,O
Kalimat 109,fps,,B-GamePerformance
Kalimat 109,rata,,I-GamePerformance
Kalimat 109,dota2,,E-GamePerformance
Kalimat 109,fps,,B-GamePerformance
Kalimat 109,csgo,,E-GamePerformance
Kalimat 109,settingan,,O
Kalimat 109,max,,O
Kalimat 110,processor,,B-Request
Kalimat 110,upgrade,,I-Request
Kalimat 110,gen,,E-Request
Kalimat 110,gan,,O
Kalimat 111,bang,,O
Kalimat 111,kirim,,B-Pengiriman
Kalimat 111,pekanbaru,,I-Pengiriman
Kalimat 111,-,,I-Pengiriman
Kalimat 111,riau,,E-Pengiriman
Kalimat 111,aman,,O
Kalimat 111,ongkirnya,,B-Pengiriman
Kalimat 111,hanupis,,O
Kalimat 112,minimal,,O
Kalimat 112,r5,,B-Spek
Kalimat 112,3400g,,E-Spek
Kalimat 113,vga,,B-Spek
Kalimat 113,pakai,,O
Kalimat 113,bang,,O
Kalimat 114,makan,,O
Kalimat 114,valorant,,B-Game
Kalimat 115,prosesor,,B-Spek
Kalimat 115,dinganti,,B-Request
Kalimat 115,i7gen,,B-Spek
Kalimat 116,kak,,O
Kalimat 116,gambar,,B-Kegiatan
Kalimat 116,webtoon,,E-Kegiatan
Kalimat 117,pc,,B-Device
Kalimat 117,upgrade,,B-Request
Kalimat 117,gan,,O
Kalimat 118,listrik,,B-Spek
Kalimat 118,watt,,E-Spek
Kalimat 118,gan,,O
Kalimat 119,embel,,B-Penipuan
Kalimat 119,pc,,B-Device
Kalimat 119,gaming,,E-Device
Kalimat 119,i7,,B-Spek
Kalimat 119,generasi,,E-Spek
Kalimat 119,wkwkwkkw mau,,O
Kalimat 119,dikadalin,,B-Penipuan
Kalimat 119,seller,,O
Kalimat 120,makan,,O
Kalimat 120,genshin,,B-Game
Kalimat 120,impact,,E-Game
Kalimat 120,gan,,O
Kalimat 121,gan,,O
Kalimat 121,gta,,B-Game
Kalimat 121,5,,I-Game
Kalimat 121,roleplay,,E-Game
Kalimat 121,kuat,,O
Kalimat 121,grafik,,B-GamePerformance
Kalimat 122,ready,,B-Ketersediaan
Kalimat 122,gan,,O
Kalimat 123,gan,,O
Kalimat 123,ane,,O
Kalimat 123,rencana,,O
Kalimat 123,pakai,,O
Kalimat 123,rtx,,B-Spek
Kalimat 123,3070,,E-Spek
Kalimat 123,vga,,B-Spek
Kalimat 123,upgrade,,B-Request
Kalimat 124,kuat,,O
Kalimat 124,makan,,O
Kalimat 124,genshin,,B-Game
Kalimat 124,impact,,B-Game
Kalimat 124,gan,,O
Kalimat 125,gan,,O
Kalimat 125,ganti,,B-Request
Kalimat 125,i5,,B-Spek
Kalimat 125,9400,,E-Spek
Kalimat 125,vga,,B-Spek
Kalimat 125,16504gb,,E-Spek
Kalimat 125,total,,B-Harga
Kalimat 125,kira,,O
Kalimat 126,maksimal,,O
Kalimat 126,ghz,,B-Spek
Kalimat 127,mantabs,,O
Kalimat 128,spek,,O
Kalimat 128,barang,,O
Kalimat 128,lawas,,O
Kalimat 128,kondisi,,O
Kalimat 128,kategori,,O
Kalimat 128,hmm,,O
Kalimat 129,gan,,O
Kalimat 129,processor,,B-Spek
Kalimat 129,gen,,E-Spek
Kalimat 129,kah,,O
Kalimat 129,-vga,,B-Spek
Kalimat 129,ganti,,B-Request
Kalimat 129,4gb,,O
Kalimat 129,tambah,,O
Kalimat 129,kah,,O
Kalimat 129,gan,,O
Kalimat 129,-utk,,O
Kalimat 129,memory,,B-Spek
Kalimat 129,upgrade,,B-Request
Kalimat 129,kah,,O
Kalimat 129,gan,,O
Kalimat 129,terima,,O
Kalimat 129,kasih,,O
Kalimat 130,play,,B-Game
Kalimat 130,dbd,,B-Game
Kalimat 130,war,,B-Game
Kalimat 130,of,,B-Game
Kalimat 130,warcraft,,B-Game
Kalimat 130,lancar,,O
Kalimat 130,gan,,O
Kalimat 131,hz,,O
Kalimat 131,monitor,,B-Device
Kalimat 131,bang,,O
Kalimat 132,barang nya,,O
Kalimat 132,generasi,,O
Kalimat 132,bang,,O
Kalimat 133,kredit,,B-Bayar
Kalimat 133,gan,,O
Kalimat 134,vga,,B-Spek
Kalimat 134,ganti,,B-Request
Kalimat 134,4gb,,O
Kalimat 134,berapaa,,O
Kalimat 135,bang,,O
Kalimat 135,hasil,,O
Kalimat 135,score,,B-Device
Kalimat 135,benchmark,,E-Device
Kalimat 136,slot,,B-Spek
Kalimat 136,m2,,E-Spek
Kalimat 136,gan,,O
Kalimat 137,token,,O
Kalimat 137,1,,O
Kalimat 137,juta,,O
Kalimat 137,bang,,O
Kalimat 137,makan,,O
Kalimat 137,game,,B-Game
Kalimat 137,pc,,B-Device
Kalimat 137,hemat,,O
Kalimat 137,listrik,,B-Spek
Kalimat 138,gan ke,,O
Kalimat 138,jawatimur,,B-Tempat
Kalimat 138,fungsi,,O
Kalimat 138,error,,O
Kalimat 138,kirim,,B-Pengiriman
Kalimat 138,sesuai,,O
Kalimat 138,deskripsi,,O
Kalimat 138,order,,O
Kalimat 138,maju,,O
Kalimat 138,mundur,,O
Kalimat 138,nih,,O
Kalimat 139,ssd,,B-Spek
Kalimat 139,ganti,,B-Request
Kalimat 139,1,,O
Kalimat 139,tb,,O
Kalimat 139,gan,,O
Kalimat 140,genshin,,B-Game
Kalimat 140,impact,,E-Game
Kalimat 140,valorant,,B-Game
Kalimat 140,lancar,,O
Kalimat 141,barang,,O
Kalimat 141,ready,,B-Ketersediaan
Kalimat 141,request,,B-Request
Kalimat 141,game,,B-Game
Kalimat 141,gan,,O
Kalimat 142,cyberpunk,,B-Game
Kalimat 142,asasin,,B-Game
Kalimat 142,valhala,,E-Game
Kalimat 142,lancar,,O
Kalimat 142,gan,,O
Kalimat 143,casenya,,B-Aksesoris
Kalimat 143,pasang,,B-Request
Kalimat 143,infenion,,O
Kalimat 143,1000,,O
Kalimat 144,game,,B-Game
Kalimat 144,sims,,B-Game
Kalimat 144,4,,E-Game
Kalimat 145,game,,B-Game
Kalimat 145,fortnite,,B-Game
Kalimat 146,nanya,,O
Kalimat 146,windowsnya,,B-Spek
Kalimat 146,ku,,O
Kalimat 146,connect,,O
Kalimat 146,internet,,O
Kalimat 146,kedetect,,O
Kalimat 146,palsu,,B-Original
Kalimat 146,trauma,,O
Kalimat 147,vga,,B-Spek
Kalimat 147,ganti,,B-Request
Kalimat 147,1050ti,,B-Spek
Kalimat 147,tambah,,O
Kalimat 147,kak,,O
Kalimat 148,intel,,B-Spek
Kalimat 148,core,,I-Spek
Kalimat 148,i7,,E-Spek
Kalimat 148,6jt,,B-Harga
Kalimat 148,bang,,O
Kalimat 149,i7,,B-Spek
Kalimat 149,870,,O
Kalimat 149,8700,,O
Kalimat 149,gan,,O
Kalimat 150,i7,,B-Spek
Kalimat 150,generasi,,E-Spek
Kalimat 151,ready,,B-Ketersediaan
Kalimat 151,bos,,O
Kalimat 151,upgrade,,B-Request
Kalimat 151,vga,,B-Spek
Kalimat 151,4gb,,O
Kalimat 151,1060,,O
Kalimat 151,ti,,O
Kalimat 151,tambah,,O
Kalimat 151,hdd,,B-Spek
Kalimat 151,1,,O
Kalimat 152,kalao,,O
Kalimat 152,hardsik,,B-Spek
Kalimat 152,1tb,,O
Kalimat 153,ready,,B-Ketersediaan
Kalimat 153,bos,,O
Kalimat 154,makan,,O
Kalimat 154,five,,B-Game
Kalimat 154,kuat,,O
Kalimat 154,gan,,O
Kalimat 155,fortnite,,B-Game
Kalimat 155,fps,,B-GamePerformance
Kalimat 156,generasi,,B-Spek
Kalimat 156,8,,O
Kalimat 156,processor,,B-Spek
Kalimat 157,kirim,,B-Pengiriman
Kalimat 157,kota,,B-Tempat
Kalimat 157,paking,,B-Pengiriman
Kalimat 157,kayu,,E-Pengiriman
Kalimat 157,gan,,O
Kalimat 157,sulawesi,,B-Tempat
Kalimat 158,pc,,B-Device
Kalimat 158,anti,,B-Software
Kalimat 158,virus,,E-Software
Kalimat 158,makan,,O
Kalimat 158,game,,B-Game
Kalimat 158,wajib,,O
Kalimat 158,matiin,,O
Kalimat 158,antivirus,,B-Software
Kalimat 159,game,,B-Game
Kalimat 159,bantu,,B-Request
Kalimat 159,install,,E-Request
Kalimat 160,core,,B-Spek
Kalimat 160,i7,,I-Spek
Kalimat 160,gen,,I-Spek
Kalimat 160,2,,E-Spek
Kalimat 160,wkwwkkwwkkwkwkw,,O
Kalimat 161,ssd,,B-Spek
Kalimat 161,brphdd,,O
Kalimat 161,brpram,,O
Kalimat 161,brpvga,,O
Kalimat 161,display,,B-Spek
Kalimat 161,memori,,B-Spek
Kalimat 161,gb,,O
Kalimat 162,minecraft,,B-Game
Kalimat 162,rata,,O
Kalimat 162,kiri,,O
Kalimat 162,sampean,,O
Kalimat 162,coba2,,O
Kalimat 162,makan,,O
Kalimat 162,tlauncher,,B-Game
Kalimat 162,kak,,O
Kalimat 162,tinggi,,O
Kalimat 162,otw,,O
Kalimat 162,buy,,O
Kalimat 163,makan,,O
Kalimat 163,watt,,B-Spek
Kalimat 163,min,,O
Kalimat 164,ram,,B-Spek
Kalimat 164,16,,O
Kalimat 165,fifa24,,B-Game
Kalimat 165,eftbl24,,B-Game
Kalimat 165,gan,,O
Kalimat 166,nfs,,B-Game
Kalimat 166,heat,,E-Game
Kalimat 166,valo,,B-Game
Kalimat 166,apex,,B-Game
Kalimat 166,fps,,B-GamePerformance
Kalimat 167,install,,B-Request
Kalimat 167,visio,,B-Software
Kalimat 167,professional,,I-Software
Kalimat 167,projects,,E-Software
Kalimat 168,sekian,,O
Kalimat 168,game,,O
Kalimat 168,tawar,,O
Kalimat 168,nama,,O
Kalimat 168,game,,B-Game
Kalimat 168,free,,O
Kalimat 168,lisensi,,B-Original
Kalimat 168,permanen,,E-Original
Kalimat 168,bukan,,O
Kalimat 168,crack,,B-Original
Kalimat 168,game,,B-GamePerformance
Kalimat 168,diinstal,,O
Kalimat 169,gta,,B-Game
Kalimat 169,roleplay,,E-Game
Kalimat 169,fps,,B-GamePerformance
Kalimat 170,mas,,O
Kalimat 170,gaming,,B-Kegiatan
Kalimat 170,streaming,,B-Kegiatan
Kalimat 170,editing,,B-Kegiatan
Kalimat 170,tipis,,O
Kalimat 170,rekomen,,O
Kalimat 171,makan,,O
Kalimat 171,fivem,,B-Game
Kalimat 171,lancar,,O
Kalimat 171,min,,O
Kalimat 172,nge,,O
Kalimat 172,fivem,,B-Game
Kalimat 172,lancar,,O
Kalimat 172,kah,,O
Kalimat 172,min,,O
Kalimat 173,game,,B-Game
Kalimat 173,albion,,B-Game
Kalimat 173,dragon,,B-Game
Kalimat 173,nest,,I-Game
Kalimat 173,return,,E-Game
Kalimat 173,ting,,O
Kalimat 173,gan,,O
Kalimat 174,tambah,,B-Request
Kalimat 174,ssd,,B-Spek
Kalimat 174,512gb,,E-Spek
Kalimat 174,free,,B-Request
Kalimat 174,game,,B-Game
Kalimat 174,gan,,O
Kalimat 175,makan,,O
Kalimat 175,game,,B-Game
Kalimat 175,roblox,,B-Game
Kalimat 175,berat,,O
Kalimat 175,full,,O
Kalimat 175,graphics,,B-GamePerformance
Kalimat 175,fps,,B-GamePerformance
Kalimat 176,pakai,,O
Kalimat 176,mouse,,B-Device
Kalimat 176,keyboard,,B-Device
Kalimat 176,varian,,O
Kalimat 176,monitor,,B-Device
Kalimat 176,curved,,O
Kalimat 177,beli,,O
Kalimat 177,pc,,B-Device
Kalimat 177,upgrade,,B-Request
Kalimat 177,vga,,B-Spek
Kalimat 177,card,,E-Spek
Kalimat 177,sedia,,O
Kalimat 177,tambah,,O
Kalimat 177,terima,,O
Kalimat 177,kasih,,O
Kalimat 178,kirim,,O
Kalimat 178,bekas,,O
Kalimat 178,barat,,B-Tempat
Kalimat 178,pakai,,O
Kalimat 178,packing,,B-Pengiriman
Kalimat 178,kayu,,E-Pengiriman
Kalimat 179,ram,,B-Spek
Kalimat 179,8,,O
Kalimat 179,16gb,,O
Kalimat 181,min,,O
Kalimat 181,monitor,,B-Device
Kalimat 181,fhd,,B-DevicePerformance
Kalimat 181,hd,,B-DevicePerformance
Kalimat 182,min,,O
Kalimat 182,foto,,O
Kalimat 182,gt730,,B-Spek
Kalimat 182,deskripsi,,O
Kalimat 182,gt1030,,B-Spek
Kalimat 183,gan,,O
Kalimat 183,ram,,B-Spek
Kalimat 183,ganti,,B-Request
Kalimat 183,ddr4,,B-Spek
Kalimat 183,ssd,,B-Spek
Kalimat 183,1tera,,O
Kalimat 183,tambah,,B-Request
Kalimat 183,gan,,O
Kalimat 184,makan,,O
Kalimat 184,game,,B-Game
Kalimat 184,watt,,B-Spek
Kalimat 185,kak,,O
Kalimat 185,bayar,,B-Bayar
Kalimat 185,pakai,,O
Kalimat 185,cicil,,B-Bayar
Kalimat 185,barang,,O
Kalimat 185,kirim,,B-Pengiriman
Kalimat 185,tunggu,,O
Kalimat 185,cicilanya,,O
Kalimat 185,lunas,,O
Kalimat 186,1030,,B-Spek
Kalimat 186,serius,,O
Kalimat 186,gan,,O
Kalimat 186,game,,O
Kalimat 186,berat,,O
Kalimat 187,gan,,O
Kalimat 187,game,,B-Game
Kalimat 187,aaa,,O
Kalimat 187,speknya,,B-Spek
Kalimat 187,bawah,,O
Kalimat 187,minimum,,O
Kalimat 187,steam,,B-Game
Kalimat 188,makan,,O
Kalimat 188,gta,,B-Game
Kalimat 188,5,,E-Game
Kalimat 188,fps,,B-GamePerformance
Kalimat 188,gan,,O
Kalimat 188,16,,O
Kalimat 188,gb,,O
Kalimat 189,makan,,O
Kalimat 189,req,,B-Request
Kalimat 189,game,,B-Game
Kalimat 189,cod,,B-Game
Kalimat 189,vanguard,,E-Game
Kalimat 190,gan,,O
Kalimat 190,kuat,,O
Kalimat 190,butuh,,O
Kalimat 190,desain,,B-Kegiatan
Kalimat 190,clip,,B-Software
Kalimat 190,studio,,I-Software
Kalimat 190,paint,,E-Software
Kalimat 190,photoshop,,B-Software
Kalimat 190,dll,,O
Kalimat 191,makan,,O
Kalimat 191,fifa23,,B-Game
Kalimat 192,butuh,,O
Kalimat 192,stream,,B-Kegiatan
Kalimat 192,game,,B-Game
Kalimat 192,kelas,,O
Kalimat 192,minecraft,,B-Game
Kalimat 192,roblox,,B-Game
Kalimat 192,dll,,O
Kalimat 192,ngoding,,B-Kegiatan
Kalimat 192,design,,B-Kegiatan
Kalimat 192,edit,,B-Kegiatan
Kalimat 192,kuat,,O
Kalimat 192,iya,,O
Kalimat 193,kuat,,O
Kalimat 193,desain,,B-Kegiatan
Kalimat 193,grafis,,E-Kegiatan
Kalimat 193,video,,B-Kegiatan
Kalimat 193,editing,,E-Kegiatan
Kalimat 193,kak,,O
Kalimat 194,1030,,B-Spek
Kalimat 194,kuat,,O
Kalimat 194,makan,,O
Kalimat 194,cod,,B-Game
Kalimat 194,warzone,,E-Game
Kalimat 194,kak,,O
Kalimat 195,min,,O
Kalimat 195,makan,,O
Kalimat 195,apex,,B-Game
Kalimat 195,legend,,E-Game
Kalimat 195,fps,,B-GamePerformance
Kalimat 195,grafik,,B-GamePerformance
Kalimat 196,ready,,B-Ketersediaan
Kalimat 196,pc,,B-Device
Kalimat 196,ssd,,B-Spek
Kalimat 196,hdd,,B-Spek
Kalimat 197,upgradeble,,B-Request
Kalimat 197,min,,O
Kalimat 198,gan,,O
Kalimat 198,makan,,O
Kalimat 198,dota,,B-Game
Kalimat 198,2,,E-Game
Kalimat 198,rata,,B-GamePerformance
Kalimat 198,kanan,,E-GamePerformance
Kalimat 198,kuat,,O
Kalimat 199,nany,,O
Kalimat 199,nih,,O
Kalimat 199,gan,,O
Kalimat 199,makan,,O
Kalimat 199,game,,B-Game
Kalimat 199,red,,B-Game
Kalimat 199,dead,,I-Game
Kalimat 199,redemtion2,,E-Game
Kalimat 199,lancar,,O
Kalimat 199,game,,B-Game
Kalimat 199,online,,O
Kalimat 199,pointblank,,B-Game
Kalimat 199,lancar,,O
Kalimat 199,jug,,O
Kalimat 199,kah,,O
Kalimat 199,nanya,,O
Kalimat 199,min,,O
Kalimat 199,soalny,,O
Kalimat 199,tau,,O
Kalimat 199,pc,,O
Kalimat 199,hehe,,O
Kalimat 200,makan,,O
Kalimat 200,forza,,B-Game
Kalimat 200,horizon,,B-Game
Kalimat 200,5,,E-Game
Kalimat 200,kuat,,O
Kalimat 200,gan,,O
Kalimat 200,maksimal,,O
Kalimat 200,grafik,,B-GamePerformance
Kalimat 201,makan,,O
Kalimat 201,game,,B-Game
Kalimat 201,valhala,,B-Game
Kalimat 201,mas,,O
Kalimat 202,stream,,B-Kegiatan
Kalimat 202,ml,,B-Game
Kalimat 202,kuat,,O
Kalimat 203,ups,,B-Spek
Kalimat 203,harga,,O
Kalimat 204,lancar,,O
Kalimat 204,makan,,O
Kalimat 204,nfs,,B-Game
Kalimat 204,heat,,E-Game
Kalimat 204,min,,O
Kalimat 205,cek,,O
Kalimat 205,inboxnow,,O
Kalimat 206,valorant,,B-Game
Kalimat 206,genshin,,B-Game
Kalimat 206,fps,,B-GamePerformance
Kalimat 206,ini,,O
Kalimat 206,blender,,B-Software
Kalimat 206,3d,,E-Software
Kalimat 207,ram,,B-Spek
Kalimat 207,maksimal,,O
Kalimat 207,gb,,O
Kalimat 208,min,,O
Kalimat 208,live,,B-Kegiatan
Kalimat 208,streaming,,E-Kegiatan
Kalimat 208,game,,B-Game
Kalimat 208,emulator,,B-Game
Kalimat 208,pas,,O
Kalimat 208,1,,O
Kalimat 208,ps2,,B-Game
Kalimat 209,gan,,O
Kalimat 209,pc,,B-Device
Kalimat 209,fullset,,B-FullsetAtauRakit
Kalimat 209,beda,,O
Kalimat 210,fifa,,B-Game
Kalimat 210,dua,,O
Kalimat 210,lancar,,O
Kalimat 210,kah,,O
Kalimat 210,fps,,B-GamePerformance
Kalimat 211,stok,,O
Kalimat 211,ready,,B-Ketersediaan
Kalimat 211,gan,,O
Kalimat 211,16,,O
Kalimat 211,gb,,O
Kalimat 211,1030,,B-Spek
Kalimat 212,1030,,B-Spek
Kalimat 212,kuat,,O
Kalimat 212,makan,,O
Kalimat 212,apex,,B-Game
Kalimat 213,dalam,,B-Spek
Kalimat 213,fullset,,B-FullsetAtauRakit
Kalimat 213,kabel,,B-Device
Kalimat 213,kah,,O
Kalimat 213,bang,,O
Kalimat 214,makan,,O
Kalimat 214,csgo,,B-Game
Kalimat 214,gan,,O
Kalimat 214,fps,,B-GamePerformance
Kalimat 215,game,,B-Game
Kalimat 215,offline,,E-Game
Kalimat 216,1030,,B-Spek
Kalimat 216,16,,O
Kalimat 216,gb,,O
Kalimat 216,kuat,,O
Kalimat 216,makan,,O
Kalimat 216,resident,,B-Game
Kalimat 216,evil,,I-Game
Kalimat 216,2,,I-Game
Kalimat 216,remake,,E-Game
Kalimat 216,min,,O
Kalimat 217,simpan,,B-Spek
Kalimat 217,internal,,E-Spek
Kalimat 218,makan,,O
Kalimat 218,gta,,B-Game
Kalimat 218,roleplay,,E-Game
Kalimat 218,kuat,,O
Kalimat 219,hdd,,B-Spek
Kalimat 219,ganti,,B-Request
Kalimat 219,1t,,O
Kalimat 219,min,,O
Kalimat 220,gtx,,B-Spek
Kalimat 220,1650,,E-Spek
Kalimat 220,tambah,,B-Request
Kalimat 220,gan,,O
Kalimat 221,pes,,B-Game
Kalimat 221,2021,,E-Game
Kalimat 221,game,,B-Game
Kalimat 221,berat,,O
Kalimat 222,min,,O
Kalimat 222,makan,,O
Kalimat 222,watch,,B-Game
Kalimat 222,dogs,,I-Game
Kalimat 222,legion,,E-Game
Kalimat 223,min,,O
Kalimat 223,maksimal,,O
Kalimat 223,request,,B-Request
Kalimat 223,game berapa,,O
Kalimat 223,game,,B-Game
Kalimat 224,min,,O
Kalimat 224,tinggal,,O
Kalimat 224,pakai,,O
Kalimat 224,aja,,O
Kalimat 224,musti,,O
Kalimat 224,instal,,B-Request
Kalimat 224,windows,,B-Spek
Kalimat 225,gan,,O
Kalimat 225,pc,,B-Device
Kalimat 225,kuat,,O
Kalimat 225,game,,B-Game
Kalimat 225,fifa21,,B-Game
Kalimat 225,record,,O
Kalimat 226,streaming,,B-Kegiatan
Kalimat 227,makan,,O
Kalimat 227,valorant,,B-Game
Kalimat 227,fortnite,,B-Game
Kalimat 227,fps,,B-GamePerformance
Kalimat 228,gt1030,,B-Spek
Kalimat 228,makan,,O
Kalimat 228,rdr2,,B-Game
Kalimat 228,horizon,,B-Game
Kalimat 228,zero,,I-Game
Kalimat 228,fps,,B-GamePerformance
Kalimat 228,min,,O
Kalimat 229,16,,O
Kalimat 229,gb,,O
Kalimat 229,1030,,B-Spek
Kalimat 229,dota,,B-Game
Kalimat 229,2,,O
Kalimat 229,lancar,,O
Kalimat 229,kak,,O
Kalimat 229,fps,,B-GamePerformance
Kalimat 230,pc,,B-Device
Kalimat 230,kuat,,O
Kalimat 230,main,,O
Kalimat 230,gensin,,B-Game
Kalimat 230,impact,,E-Game
Kalimat 230,iya,,O
Kalimat 230,fps,,B-GamePerformance
Kalimat 231,kak,,O
Kalimat 231,processor,,B-Spek
Kalimat 231,ganti,,B-Request
Kalimat 231,i7,,B-Spek
Kalimat 231,gen,,I-Spek
Kalimat 231,8,,E-Spek
Kalimat 231,gen,,B-Spek
Kalimat 231,10,,E-Spek
Kalimat 231,tambah,,B-Request
Kalimat 231,toko,,B-Tempat
Kalimat 231,offline,,E-Tempat
Kalimat 232,req,,B-Request
Kalimat 232,game,,B-Game
Kalimat 232,gta,,B-Game
Kalimat 232,steam,,B-Game
Kalimat 232,bayar,,O
Kalimat 232,bang,,O
Kalimat 233,god,,B-Game
Kalimat 233,of,,I-Game
Kalimat 233,war,,E-Game
Kalimat 233,2018,,O
Kalimat 233,fps,,B-GamePerformance
Kalimat 234,slot,,O
Kalimat 234,hdmi-,,B-Spek
Kalimat 234,gan,,O
Kalimat 235,makan,,O
Kalimat 235,forza,,B-Game
Kalimat 235,5,,O
Kalimat 235,fps,,B-GamePerformance
Kalimat 235,gan,,O
Kalimat 236,gan,,O
Kalimat 236,support,,O
Kalimat 236,hdmi,,B-Device
Kalimat 237,cassingnya,,B-Aksesoris
Kalimat 238,casing,,B-Aksesoris
Kalimat 238,min,,O
Kalimat 239,makan,,O
Kalimat 239,cyber,,B-Game
Kalimat 239,punk,,E-Game
Kalimat 239,bro,,O
Kalimat 239,fps,,B-GamePerformance
Kalimat 239,bang,,O
Kalimat 240,makan,,O
Kalimat 240,gta,,B-Game
Kalimat 240,5,,O
Kalimat 240,1,,O
Kalimat 240,jam,,O
Kalimat 240,wat,,B-Spek
Kalimat 240,kak,,O
Kalimat 241,gan,,O
Kalimat 241,fullset,,B-FullsetAtauRakit
Kalimat 241,16gb,,O
Kalimat 241,vga,,B-Spek
Kalimat 241,1030,,E-Spek
Kalimat 241,anda,,O
Kalimat 241,depan,,O
Kalimat 241,ganti,,B-Request
Kalimat 241,1650,,B-Spek
Kalimat 241,gan,,O
Kalimat 241,psu,,B-Spek
Kalimat 241,sanggup,,O
Kalimat 242,i7,,B-Spek
Kalimat 242,gen,,E-Spek
Kalimat 242,bang,,O
Kalimat 243,bang,,O
Kalimat 243,makan,,O
Kalimat 243,gta5,,B-Game
Kalimat 243,pfs,,B-GamePerformance
Kaliamt 244,windows,,B-Spek
Kaliamt 244,11,,O
Kaliamt 244,gan,,O
Kalimat 245,min,,O
Kalimat 245,paket,,O
Kalimat 245,ini,,O
Kalimat 245,butuh,,O
Kalimat 245,daya,,B-Spek
Kalimat 245,min,,O
Kalimat 245,listrik,,B-Spek
Kalimat 245,rumah,,O
Kalimat 245,450watt,,O
Kalimat 245,maaf,,O
Kalimat 245,min,,O
Kalimat 245,tau,,O
Kalimat 245,d,,O
Kalimat 246,beli,,O
Kalimat 246,set,,B-FullsetAtauRakit
Kalimat 246,monitor,,B-Device
Kalimat 247,maaf,,O
Kalimat 247,fullset,,B-FullsetAtauRakit
Kalimat 247,monitor,,B-Device
Kalimat 247,merk,,O
Kalimat 248,gan,,O
Kalimat 248,tanya,,O
Kalimat 248,streaming,,B-Kegiatan
Kalimat 248,valorant,,B-Game
Kalimat 248,youtube,,B-Kegiatan
Kalimat 248,twitch,,B-Kegiatan
Kalimat 248,agan,,O
Kalimat 249,kirim,,B-Pengiriman
Kalimat 249,jaksel,,B-Tempat
Kalimat 249,pakai,,O
Kalimat 249,gojek,,B-Pengiriman
Kalimat 249,aman,,O
Kalimat 249,gan,,O
Kalimat 250,pc,,B-Device
Kalimat 250,rakit,,B-FullsetAtauRakit
Kalimat 250,rakitin,,B-FullsetAtauRakit
Kalimat 250,sana,,O
Kalimat 250,fullset,,B-FullsetAtauRakit
Kalimat 250,pcnya,,B-Device
Kalimat 251,makan,,O
Kalimat 251,gta,,B-Game
Kalimat 251,online,,O
Kalimat 251,kuat,,O
Kalimat 252,pc,,B-Device
Kalimat 252,fullset,,B-FullsetAtauRakit
Kalimat 252,16gb,,O
Kalimat 252,monitor,,B-Device
Kalimat 253,pes,,B-Game
Kalimat 253,2021,,O
Kalimat 254,cod,,B-Pengiriman
Kalimat 254,min,,O
Kalimat 255,ssd,,B-Spek
Kalimat 255,req,,B-Request
Kalimat 255,520,,O
Kalimat 255,gb,,O
Kalimat 256,ram,,B-Spek
Kalimat 256,8gb,,O
Kalimat 256,kuat,,O
Kalimat 256,makan,,O
Kalimat 256,gta,,B-Game
Kalimat 256,kak,,O
Kalimat 257,genshin,,B-Game
Kalimat 257,medium,,B-GamePerformance
Kalimat 257,60fps,,B-GamePerformance
Kalimat 257,stabil,,B-GamePerformance
Kalimat 257,kah,,O
Kalimat 257,gan,,O
Kalimat 258,valorant,,B-Game
Kalimat 258,fps,,B-GamePerformance
Kalimat 259,halo,,O
Kalimat 259,makan,,O
Kalimat 259,minecraft,,B-Game
Kalimat 260,photoshop,,B-Software
Kalimat 260,corel,,B-Software
Kalimat 260,draw,,E-Software
Kalimat 260,lancar,,O
Kalimat 261,live,,B-Kegiatan
Kalimat 261,streaming,,E-Kegiatan
Kalimat 261,game,,B-Game
Kalimat 261,kuat,,O
Kalimat 261,bos,,O
Kalimat 262,digunain,,O
Kalimat 262,nox,,B-Game
Kalimat 262,player,,E-Game
Kalimat 262,lancar,,O
Kalimat 262,gan,,O
Kalimat 263,readry,,B-Ketersediaan
Kalimat 263,gan,,O
Kalimat 263,pc,,B-Device
Kalimat 263,gaming,,O
Kalimat 263,ram,,B-Spek
Kalimat 263,16,,O
Kalimat 263,gb,,O
Kalimat 264,pasang,,B-Request
Kalimat 264,hdd,,B-Spek
Kalimat 264,1t,,O
Kalimat 264,tidak,,O
Kalimat 264,pakai,,O
Kalimat 264,ssd hybrid,,O
Kalimat 265,makan,,O
Kalimat 265,point,,B-Game
Kalimat 265,blank,,E-Game
Kalimat 265,grafik,,B-GamePerformance
Kalimat 265,high,,O
Kalimat 265,kak,,O
Kalimat 266,harga,,B-Harga
Kalimat 266,pcnya,,B-Device
Kalimat 266,kak,,O
Kalimat 266,18,,O
Kalimat 266,juta,,O
Kalimat 266,4,,O
Kalimat 266,juta,,O
Kalimat 266,pc,,B-Device
Kalimat 266,makan,,O
Kalimat 266,ffgak,,O
Kalimat 266,grafik,,B-GamePerformance
Kalimat 266,tinggi,,O
Kalimat 267,pakai,,O
Kalimat 267,main,,O
Kalimat 267,game,,B-Game
Kalimat 267,berat,,B-GamePerformance
Kalimat 268,gan,,O
Kalimat 268,produk,,O
Kalimat 268,pc,,B-Device
Kalimat 268,gaming,,O
Kalimat 268,banyak,,O
Kalimat 268,intel,,B-Spek
Kalimat 268,pc,,B-Device
Kalimat 268,gaming,,O
Kalimat 268,pakai,,O
Kalimat 268,amd,,B-Spek
Kalimat 268,gan,,O
Kalimat 269,beda,,O
Kalimat 269,pc,,B-Device
Kalimat 269,fullset,,B-FullsetAtauRakit
Kalimat 269,16gb,,O
Kalimat 269,fullset,,B-DevicePerformance
Kalimat 269,16gb,,O
Kalimat 269,22in,,O
Kalimat 270,game,,B-Game
Kalimat 270,city,,B-Game
Kalimat 270,skylines,,E-Game
Kalimat 270,grafik,,B-GamePerformance
Kalimat 270,tinggi,,O
Kalimat 270,lancar,,O
Kalimat 271,bang,,O
Kalimat 271,makan,,O
Kalimat 271,cyberpunk,,B-Game
Kalimat 272,game,,B-Game
Kalimat 272,vr,,B-Game
Kalimat 272,bang,,O
Kalimat 273,ta,,O
Kalimat 273,ta,,O
Kalimat 274,gamenya,,B-Game
Kalimat 274,gratis,,B-Harga
Kalimat 274,bayar,,B-Bayar
Kalimat 274,bang,,O
Kalimat 275,barang,,O
Kalimat 275,min,,O
Kalimat 276,kak,,O
Kalimat 276,game,,B-Game
Kalimat 276,pilih,,B-Request
Kalimat 276,pcnya,,B-Device
Kalimat 277,makan,,O
Kalimat 277,dota,,B-Game
Kalimat 277,2,,O
Kalimat 277,lancar,,O
Kalimat 277,grafik,,B-GamePerformance
Kalimat 277,tinggi,,O
Kalimat 278,makan,,O
Kalimat 278,gta,,B-Game
Kalimat 278,online,,O
Kalimat 279,grab,,B-Pengiriman
Kalimat 279,bekas,,O
Kalimat 279,kak,,O
Kalimat 279,kabel,,B-Device
Kalimat 279,vga,,B-Spek
Kalimat 280,fullset,,B-FullsetAtauRakit
Kalimat 280,16,,O
Kalimat 280,24,,O
Kalimat 280,rp7200000,,O
Kalimat 281,alamat,,B-Tempat
Kalimat 281,toko,,B-Tempat
Kalimat 281,mana,,O
Kalimat 281,gan,,O
Kalimat 281,ngerakit,,B-FullsetAtauRakit
Kalimat 282,16gb24in,,O
Kalimat 282,makan,,O
Kalimat 282,valo,,B-Game
Kalimat 282,ghensin,,B-Game
Kalimat 282,ricord,,O
Kalimat 282,min,,O
Kalimat 283,wifii,,B-Spek
Kalimat 283,kan,,O
Kalimat 283,gan,,O
Kalimat 283,mesti,,O
Kalimat 283,upgrade,,B-Request
Kalimat 284,min,,O
Kalimat 284,internal,,B-Spek
Kalimat 284,2tb,,O
Kalimat 284,game,,B-Game
Kalimat 284,isi,,O
Kalimat 284,wifilink,,B-Spek
Kalimat 284,plus,,O
Kalimat 284,bluetooth,,B-Spek
Kalimat 285,misi,,O
Kalimat 285,packingan,,B-Pengiriman
Kalimat 285,cuz,,O
Kalimat 285,layar,,B-Device
Kalimat 285,pc,,B-Device
Kalimat 285,sensitif,,O
Kalimat 286,record,,O
Kalimat 286,mlbb,,B-Game
Kalimat 286,pubg,,B-Game
Kalimat 286,kuat,,O
Kalimat 286,kah,,O
Kalimat 286,gan,,O
Kalimat 287,toko,,B-Tempat
Kalimat 287,app,,O
Kalimat 287,sho,,O
Kalimat 288,livestream,,B-Kegiatan
Kalimat 288,bang,,O
Kalimat 289,bang,,O
Kalimat 289,live,,B-Kegiatan
Kalimat 289,streaming,,B-Kegiatan
Kalimat 289,efootball,,B-Game
Kalimat 289,2022,,O
Kalimat 290,ghensin,,B-Game
Kalimat 290,impact,,E-Game
Kalimat 290,valorant,,B-Game
Kalimat 290,full,,B-GamePerformance
Kalimat 290,size,,E-GamePerformance
Kalimat 290,kakak,,O
Kalimat 291,kuat,,O
Kalimat 291,pakai,,O
Kalimat 291,edit,,B-Kegiatan
Kalimat 291,kak,,O
Kalimat 292,game,,B-Game
Kalimat 292,kak,,O
Kalimat 292,ngedit,,B-Kegiatan
Kalimat 292,kuat,,O
Kalimat 293,kak,,O
Kalimat 293,beli,,O
Kalimat 293,pc,,B-Device
Kalimat 293,fullset,,B-FullsetAtauRakit
Kalimat 293,16gb,,O
Kalimat 293,monitor,,B-Device
Kalimat 293,keyboard,,B-Device
Kalimat 293,komputer,,B-Device
Kalimat 293,lengkap,,B-FullsetAtauRakit
Kalimat 294,min,,O
Kalimat 294,makan,,O
Kalimat 294,game,,B-Game
Kalimat 294,roblox,,B-Game
Kalimat 294,grafik,,B-GamePerformance
Kalimat 294,rata,,B-GamePerformance
Kalimat 294,kanan,,E-GamePerformance
Kalimat 294,no,,O
Kalimat 294,livestream,,B-Kegiatan
Kalimat 294,kuat,,O
Kalimat 294,min,,O
Kalimat 295,kak,,O
Kalimat 295,nanya,,O
Kalimat 295,transfer,,B-Bayar
Kalimat 295,bayar,,B-Bayar
Kalimat 295,pakai,,O
Kalimat 295,bank,,B-Bayar
Kalimat 295,bri,,B-Bayar
Kalimat 295,kak,,O
Kalimat 296,ready,,B-Ketersediaan
Kalimat 296,toko,,B-Tempat
Kalimat 296,mana,,O
Kalimat 297,kak,,O
Kalimat 297,nanya,,O
Kalimat 297,makan,,O
Kalimat 297,roblox,,B-Game
Kalimat 297,rata,,B-GamePerformance
Kalimat 297,kanan,,E-GamePerformance
Kalimat 297,record,,O
Kalimat 297,lancar,,O
Kalimat 297,aplikasi,,B-Software
Kalimat 297,editing,,B-Kegiatan
Kalimat 297,bayar,,B-Bayar
Kalimat 297,adobe,,B-Software
Kalimat 297,installnya,,O
Kalimat 297,crack,,B-Original
Kalimat 297,asli,,B-Original
Kalimat 298,makan,,O
Kalimat 298,genshin,,B-Game
Kalimat 298,impact,,E-Game
Kalimat 298,high,,B-GamePerformance
Kalimat 298,60fps,,B-GamePerformance
Kalimat 299,makan,,O
Kalimat 299,valorant,,B-Game
Kalimat 299,fps,,B-GamePerformance
Kalimat 299,om,,O
Kalimat 300,produk,,O
Kalimat 300,garansi,,B-Garansi
Kalimat 300,jamin,,O
Kalimat 300,crash,,O
Kalimat 300,iya,,O
Kalimat 300,motherboard,,B-Spek
Kalimat 300,perangkat,,O
Kalimat 300,lain,,O
Kalimat 300,sound,,B-Spek
Kalimat 300,card,,E-Spek
Kalimat 300,vga,,B-Spek
Kalimat 300,dll,,O
Kalimat 301,the,,B-Game
Kalimat 301,elder,,I-Game
Kalimat 301,scroll,,E-Game
Kalimat 301,high,,O
Kalimat 301,kuat,,O
Kalimat 301,gan,,O
Kalimat 302,game,,B-Game
Kalimat 302,pes,,B-Game
Kalimat 302,2021,,O
Kalimat 302,settingan,,B-GamePerformance
Kalimat 303,stream,,B-Kegiatan
Kalimat 303,game,,B-Game
Kalimat 303,berat,,O
Kalimat 303,kuat,,O
Kalimat 303,gan,,O
Kalimat 304,makan,,O
Kalimat 304,minecraft,,B-Game
Kalimat 304,kuat,,O
Kalimat 304,bang,,O
Kalimat 305,moga,,O
Kalimat 305,beli,,O
Kalimat 305,barang,,O
Kalimat 305,nabung,,O
Kalimat 305,wkwkkwk,,O
Kalimat 306,request,,B-Request
Kalimat 306,game,,B-Game
Kalimat 306,minecraft,,B-Game
Kalimat 307,the,,B-Game
Kalimat 307,sims,,E-Game
Kalimat 307,4,,O
Kalimat 307,lancar,,O
Kalimat 308,cod,,B-Pengiriman
Kalimat 308,min,,O
Kalimat 309,diupgrade,,B-Request
Kalimat 309,ssd,,B-Spek
Kalimat 309,256,,O
Kalimat 309,hdd,,B-Spek
Kalimat 309,1tb,,O
Kalimat 310,makan,,O
Kalimat 310,pb,,B-Game
Kalimat 310,record,,B-Kegiatan
Kalimat 310,lancar,,O
Kalimat 311,makan,,O
Kalimat 311,fortnite,,B-Game
Kalimat 311,apex,,B-Game
Kalimat 311,legend,,E-Game
Kalimat 311,record,,B-Kegiatan
Kalimat 311,kuat,,O
Kalimat 311,gan,,O
Kalimat 312,record,,B-Kegiatan
Kalimat 312,game,,B-Game
Kalimat 312,live,,B-Kegiatan
Kalimat 312,streaming,,E-Kegiatan
Kalimat 312,game,,B-Game
Kalimat 312,pc,,B-Device
Kalimat 313,beda,,O
Kalimat 313,pc,,B-Device
Kalimat 313,16gb,,O
Kalimat 313,akesories,,B-Aksesoris
Kalimat 313,16gb,,O
Kalimat 313,fullset,,B-FullsetAtauRakit
Kalimat 313,16gb24in,,O
Kalimat 313,mana,,O
Kalimat 313,gan,,O
Kalimat 313,aksesoris,,B-Aksesoris
Kalimat 314,gen,,B-Spek
Kalimat 314,min,,O
Kalimat 315,pakai,,O
Kalimat 315,monitor,,B-Device
Kalimat 315,24,,O
Kalimat 315,inc,,B-DevicePerformance
Kalimat 315,kak,,O
Kalimat 316,dota2,,B-Game
Kalimat 316,kuat,,B-GamePerformance
Kalimat 316,kak,,O
Kalimat 317,live,,B-Kegiatan
Kalimat 317,streaming,,E-Kegiatan
Kalimat 317,game,,B-Game
Kalimat 318,valorant,,B-Game
Kalimat 318,ting,,O
Kalimat 318,medium,,B-GamePerformance
Kalimat 318,gta,,B-Game
Kalimat 318,5,,O
Kalimat 318,ting,,O
Kalimat 318,medium,,B-GamePerformance
Kalimat 319,bikin,,B-Request
Kalimat 319,windows,,B-Spek
Kalimat 319,7,,O
Kalimat 320,live,,B-Kegiatan
Kalimat 320,stream,,E-Kegiatan
Kalimat 320,kuat,,O
Kalimat 320,kak,,O
Kalimat 321,perlu,,O
Kalimat 321,editing,,B-Kegiatan
Kalimat 321,video,,E-Kegiatan
Kalimat 321,premiere,,B-Software
Kalimat 321,after,,B-Software
Kalimat 321,effect,,E-Software
Kalimat 321,min,,O
Kalimat 322,vga,,B-Spek
Kalimat 323,gan,,O
Kalimat 323,apex,,B-Game
Kalimat 323,order,,B-Bayar
Kalimat 323,instal,,B-Request
Kalimat 323,gamenya,,B-Game
Kalimat 324,makan,,O
Kalimat 324,fortnite,,B-Game
Kalimat 324,fps,,B-GamePerformance
Kalimat 325,barang,,O
Kalimat 325,jual,,O
Kalimat 325,toko,,B-Tempat
Kalimat 325,rusak,,O
Kalimat 325,diclaim,,O
Kalimat 325,tuduh,,O
Kalimat 325,barang,,O
Kalimat 325,dijauhin,,O
Kalimat 325,beli,,O
Kalimat 325,payah,,B-Kecewa
Kalimat 325,kecewa,,B-Kecewa
Kalimat 325,berat,,O
Kalimat 325,kapok,,B-Kecewa
Kalimat 325,beli,,B-Bayar
Kalimat 325,toko,,B-Tempat
Kalimat 326,min,,O
Kalimat 326,makan,,O
Kalimat 326,gta,,B-Game
Kalimat 326,roleplay,,E-Game
Kalimat 327,min,,O
Kalimat 327,makan,,O
Kalimat 327,valorant,,B-Game
Kalimat 327,ting,,O
Kalimat 327,rata,,B-GamePerformance
Kalimat 327,kanan,,E-GamePerformance
Kalimat 327,fps,,B-GamePerformance
Kalimat 327,min,,O
Kalimat 328,makan,,O
Kalimat 328,genshin,,B-Game
Kalimat 328,impact,,E-Game
Kalimat 328,settingan,,B-GamePerformance
Kalimat 328,medium,,B-GamePerformance
Kalimat 328,fps,,B-GamePerformance
Kalimat 328,gan,,O
Kalimat 328,stabil,,B-GamePerformance
Kalimat 328,kah,,O
Kalimat 329,makan,,O
Kalimat 329,monster,,B-Game
Kalimat 329,hunter,,I-Game
Kalimat 329,world,,E-Game
Kalimat 329,fps,,B-GamePerformance
Kalimat 329,dapat,,O
Kalimat 330,genshin,,B-Game
Kalimat 330,impact,,E-Game
Kalimat 330,fps,,B-GamePerformance
Kalimat 330,min,,O
Kalimat 331,i7,,B-Spek
Kalimat 331,gen,,B-Spek
Kalimat 331,1,,O
Kalimat 332,harga,,B-Harga
Kalimat 332,kah,,O
Kalimat 332,min,,O
Kalimat 332,ram,,B-Device
Kalimat 332,8,,O
Kalimat 332,16,,O
Kalimat 333,monitor,,B-Device
Kalimat 333,24,,O
Kalimat 333,tambah,,B-Request
Kalimat 333,gan,,O
Kalimat 334,pc,,B-Device
Kalimat 334,gaming,,O
Kalimat 334,monitor,,B-Device
Kalimat 334,full,,B-FullsetAtauRakit
Kalimat 334,set,,E-FullsetAtauRakit
Kalimat 334,8,,O
Kalimat 334,gb,,O
Kalimat 334,ready,,B-Ketersediaan
Kalimat 335,motogp,,B-Game
Kalimat 335,2021,,O
Kalimat 335,gan,,O
Kalimat 336,kak,,O
Kalimat 336,full,,B-FullsetAtauRakit
Kalimat 336,set,,B-FullsetAtauRakit
Kalimat 336,kak,,O
Kalimat 336,kayak,,O
Kalimat 336,1,,O
Kalimat 336,monitor,,B-Device
Kalimat 336,2,,O
Kalimat 336,cpu,,B-Spek
Kalimat 336,3keyboard,,O
Kalimat 336,4mouse,,O
Kalimat 336,5mouse,,O
Kalimat 336,pad,,B-Aksesoris
Kalimat 337,ngerendering,,B-Kegiatan
Kalimat 337,cepat,,O
Kalimat 337,gan,,O
Kalimat 337,rakit,,B-FullsetAtauRakit
Kalimat 337,lokasi,,B-Tempat
Kalimat 338,compatible,,O
Kalimat 338,fs2020,,B-Game
Kalimat 338,gan,,O
Kalimat 339,min,,O
Kalimat 339,ets2,,B-Game
Kalimat 340,gan,,O
Kalimat 340,pc,,B-Device
Kalimat 340,aksesorisx,,B-Aksesoris
Kalimat 340,gan,,O
Kalimat 341,min,,O
Kalimat 341,gaming,,B-Kegiatan
Kalimat 341,dota,,B-Game
Kalimat 341,2,,O
Kalimat 342,min,,O
Kalimat 342,bikin,,B-Request
Kalimat 342,pc,,B-Device
Kalimat 342,monitor,,B-Device
Kalimat 343,min,,O
Kalimat 343,paket,,B-FullsetAtauRakit
Kalimat 343,pc,,B-Device
Kalimat 343,monitor,,B-Device
Kalimat 344,kalok,,O
Kalimat 344,beli,,B-Bayar
Kalimat 344,peking,,B-Pengiriman
Kalimat 344,kayu,,E-Pengiriman
Kalimat 344,min,,O
Kalimat 345,kak,,O
Kalimat 345,makan,,O
Kalimat 345,game,,B-Game
Kalimat 345,fifa,,B-Game
Kalimat 345,2024,,O
Kalimat 345,football,,B-Game
Kalimat 345,life,,E-Game
Kalimat 345,2023,,O
Kalimat 345,speknya,,B-Spek
Kalimat 345,iya,,O
Kalimat 345,terima,,O
Kalimat 345,kasih,,O
Kalimat 346,ready,,B-Ketersediaan
Kalimat 346,kak,,O
Kalimat 346,kirim,,B-Pengiriman
Kalimat 347,buka,,O
Kalimat 347,blender,,B-Game
Kalimat 347,min,,O
Kalimat 347,valo,,B-Game
Kalimat 347,fps,,B-GamePerformance
Kalimat 348,pubg,,B-Game
Kalimat 348,kuat,,B-GamePerformance
Kalimat 349,kak,,O
Kalimat 349,power,,B-Spek
Kalimat 349,supply,,E-Spek
Kalimat 349,bawa,,O
Kalimat 349,garansi,,B-Garansi
Kalimat 349,kak,,O
Kalimat 350,hhd,,B-Spek
Kalimat 350,500gb,,O
Kalimat 350,diupgrade,,B-Request
Kalimat 350,ganti,,B-Request
Kalimat 350,1tb,,O
Kalimat 351,gta,,B-Game
Kalimat 351,online,,O
Kalimat 351,kuat,,B-GamePerformance
Kalimat 352,kak,,O
Kalimat 352,pc,,B-Game
Kalimat 352,rakit,,B-FullsetAtauRakit
Kalimat 352,kak,,O
Kalimat 353,min,,O
Kalimat 353,editing,,B-Kegiatan
Kalimat 353,video,,E-Kegiatan
Kalimat 353,design,,B-Kegiatan
Kalimat 353,grafis,,E-Kegiatan
Kalimat 353,lancar,,O
Kalimat 354,games,,B-Game
Kalimat 354,lifeafter,,B-Game
Kalimat 354,rekomendnya,,O
Kalimat 354,type,,O
Kalimat 355,min,,O
Kalimat 355,vga,,B-Spek
Kalimat 355,hd,,B-Spek
Kalimat 355,makan,,O
Kalimat 355,valorant,,B-Game
Kalimat 356,v16,,B-Spek
Kalimat 356,gt1030,,B-Spek
Kalimat 356,fps,,B-GamePerformance
Kalimat 356,kak,,O
Kalimat 356,makan,,O
Kalimat 356,valorant,,B-Game
Kalimat 356,gta,,B-Game
Kalimat 357,kak,,O
Kalimat 357,support,,O
Kalimat 357,hotspot,,O
Kalimat 357,hp,,O
Kalimat 358,kak,,O
Kalimat 358,v0,,B-Spek
Kalimat 358,vesta,,B-Spek
Kalimat 358,8giga,,O
Kalimat 358,grapic,,O
Kalimat 358,intel,,B-Spek
Kalimat 358,hd,,B-Spek
Kalimat 358,onboard,,O
Kalimat 358,desain,,B-Kegiatan
Kalimat 358,grafis,,E-Kegiatan
Kalimat 359,vga,,B-Spek
Kalimat 359,support,,O
Kalimat 359,monitor,,B-Device
Kalimat 360,free,,B-Request
Kalimat 360,game,,B-Game
Kalimat 361,geforce,,B-Spek
Kalimat 361,370,,O
Kalimat 361,diupgrade,,B-Request
Kalimat 362,ssd,,B-Spek
Kalimat 362,ram,,B-Spek
Kalimat 362,hdd,,B-Spek
Kalimat 362,custom,,B-Request
Kalimat 362,ganit,,B-Request
Kalimat 362,harga,,B-Harga
Kalimat 362,tambah,,B-Request
Kalimat 362,beda,,O
Kalimat 363,vs,,B-Spek
Kalimat 363,vesta,,E-Spek
Kalimat 363,8,,O
Kalimat 363,otu,,O
Kalimat 363,mobo,,B-Spek
Kalimat 363,size,,O
Kalimat 363,gan,,O
Kalimat 364,game,,B-Game
Kalimat 364,roh,,B-Game
Kalimat 364,ethernal,,I-Game
Kalimat 364,vengeance,,E-Game
Kalimat 364,ambil,,O
Kalimat 364,varian,,O
Kalimat 364,16,,O
Kalimat 364,gb,,O
Kalimat 364,lot,,O
Kalimat 364,kak,,O
Kalimat 365,kak,,O
Kalimat 365,vs,,B-Spek
Kalimat 365,vesta,,E-Spek
Kalimat 365,8gb,,O
Kalimat 365,aman,,O
Kalimat 365,game,,B-Game
Kalimat 365,anak,,O
Kalimat 365,anak,,O
Kalimat 365,pubg,,B-Game
Kalimat 365,ml,,B-Game
Kalimat 365,freefire,,B-Game
Kalimat 366,kak,,O
Kalimat 366,makan,,O
Kalimat 366,valo,,B-Game
Kalimat 366,medium,,B-GamePerformance
Kalimat 366,standar,,B-GamePerformance
Kalimat 366,fps,,B-GamePerformance
Kalimat 367,install,,B-Request
Kalimat 367,game,,B-Game
Kalimat 367,3,,O
Kalimat 368,hi,,O
Kalimat 369,kak,,O
Kalimat 369,makan,,O
Kalimat 369,csgo,,B-Game
Kalimat 369,valorant,,B-Game
Kalimat 369,ambil,,O
Kalimat 369,variant,,B-rekomendasi
Kalimat 370,masutk,,O
Kalimat 370,genshin,,B-Game
Kalimat 370,impact,,E-Game
Kalimat 370,pc,,B-Device
Kalimat 370,keren,,O
Kalimat 371,cs-go,,B-Game
Kalimat 371,online,,O
Kalimat 371,dota,,B-Game
Kalimat 371,2,,O
Kalimat 371,support,,B-GamePerformance
Kalimat 371,nih,,O
Kalimat 371,jamin,,O
Kalimat 371,patah,,O
Kalimat 371,patah,,O
Kalimat 372,kakak,,O
Kalimat 372,ajak,,O
Kalimat 372,berat,,O
Kalimat 372,editing,,B-Kegiatan
Kalimat 372,lai,,O
Kalimat 372,kira,,O
Kalimat 372,pc,,B-Device
Kalimat 372,cocok,,B-rekomendasi
Kalimat 372,kakak,,O
Kalimat 373,bang,,O
Kalimat 373,instalin,,B-Request
Kalimat 373,game,,B-Game
Kalimat 373,pakai,,O
Kalimat 373,programming,,B-Kegiatan
Kalimat 374,makan,,O
Kalimat 374,cities,,B-Game
Kalimat 374,skylines,,E-Game
Kalimat 374,bagus,,B-GamePerformance
Kalimat 375,kak,,O
Kalimat 375,untuk,,O
Kalimat 375,gaming,,B-Kegiatan
Kalimat 375,office,,B-Kegiatan
Kalimat 375,ganggu,,O
Kalimat 375,lag,,O
Kalimat 376,windows,,B-Spek
Kalimat 376,versi,,O
Kalimat 376,64bit,,O
Kalimat 377,mas,,O
Kalimat 377,beli,,B-Bayar
Kalimat 377,upgrade,,B-Request
Kalimat 377,ssd,,B-Spek
Kalimat 377,512,,O
Kalimat 377,hdd,,B-Spek
Kalimat 377,1tb,,O
Kalimat 377,pasang,,O
Kalimat 377,mas,,O
Kalimat 377,kirim,,B-Pengiriman
Kalimat 377,pakai,,O
Kalimat 377,terima,,O
Kalimat 377,kasih,,O
Kalimat 377,mas,,O
Kalimat 378,kirim,,B-Pengiriman
Kalimat 378,semrang,,B-Tempat
Kalimat 378,rekomen,,B-rekomendasi
Kalimat 378,packing,,B-Pengiriman
Kalimat 378,pakai,,I-Pengiriman
Kalimat 378,kayu,,E-Pengiriman
Kalimat 378,kak,,O
Kalimat 379,pasang,,B-Request
Kalimat 379,2,,O
Kalimat 379,monitor,,B-Device
Kalimat 379,kak,,O
Kalimat 380,i7,,B-Spek
Kalimat 380,gen,,E-Spek
Kalimat 380,iya,,O
Kalimat 381,pesan,,O
Kalimat 381,nama,,O
Kalimat 381,tantia,,O
Kalimat 381,kurniawati,,O
Kalimat 381,kirim,,B-Pengiriman
Kalimat 381,urgent,,O
Kalimat 381,thanks,,O
Kalimat 382,min,,O
Kalimat 382,pakai,,O
Kalimat 382,packing,,B-Pengiriman
Kalimat 382,kayu,,E-Pengiriman
Kalimat 382,ongkir,,B-Pengiriman
Kalimat 382,packing,,B-Pengiriman
Kalimat 382,kayu,,E-Pengiriman
Kalimat 382,pc,,B-Device
Kalimat 382,gabung,,O
Kalimat 382,1,,O
Kalimat 382,doang,,O
Kalimat 383,game,,B-Game
Kalimat 383,aga,,O
Kalimat 383,berat,,B-GamePerformance
Kalimat 383,kak,,O
Kalimat 384,kak,,O
Kalimat 384,v16,,B-Spek
Kalimat 384,vesta,,E-Spek
Kalimat 384,16gb,,O
Kalimat 384,makan,,O
Kalimat 384,genshin,,B-Game
Kalimat 384,medium,,B-GamePerformance
Kalimat 384,recording,,B-Kegiatan
Kalimat 384,fps,,B-GamePerformance
Kalimat 384,kak,,O
Kalimat 385,kak,,O
Kalimat 385,streaming,,B-Kegiatan
Kalimat 385,makan,,O
Kalimat 385,valorant,,B-Game
Kalimat 385,apex,,B-Game
Kalimat 385,kuat,,B-GamePerformance
Kalimat 385,kak,,O
Kalimat 386,beda,,O
Kalimat 386,pc,,B-Device
Kalimat 386,fullset,,B-FullsetAtauRakit
Kalimat 386,19,,O
Kalimat 386,pc,,B-Device
Kalimat 386,fullset,,B-FullsetAtauRakit
Kalimat 386,24,,O
Kalimat 387,tambun,,B-Tempat
Kalimat 387,bekasi,,B-Tempat
Kalimat 387,pakai,,O
Kalimat 387,bubble,,B-Pengiriman
Kalimat 387,wrap,,E-Pengiriman
Kalimat 387,kah,,O
Kalimat 388,vs,,B-Spek
Kalimat 388,vesta,,E-Spek
Kalimat 388,8,,O
Kalimat 388,fullset,,B-FullsetAtauRakit
Kalimat 388,ready,,B-Ketersediaan
Kalimat 388,gan,,O
Kalimat 389,kirim,,B-Pengiriman
Kalimat 389,jawa,,B-Tempat
Kalimat 389,timur,,E-Tempat
Kalimat 389,pakai,,O
Kalimat 389,packing,,B-Pengiriman
Kalimat 389,kayu,,E-Pengiriman
Kalimat 389,kah,,O
Kalimat 390,maaf,,O
Kalimat 390,bantu,,O
Kalimat 390,jual,,O
Kalimat 390,pc,,O
Kalimat 391,vga,,B-Spek
Kalimat 391,hd,,B-Spek
Kalimat 391,beda,,O
Kalimat 392,makan,,O
Kalimat 392,minecraft,,B-Game
Kalimat 392,java,,O
Kalimat 392,edition,,O
Kalimat 392,editing,,B-Kegiatan
Kalimat 392,kuat,,B-GamePerformance
Kalimat 392,gan,,O
Kalimat 393,halo,,O
Kalimat 393,gan,,O
Kalimat 393,etalase,,O
Kalimat 393,harga,,B-Harga
Kalimat 393,full,,B-FullsetAtauRakit
Kalimat 393,set,,E-FullsetAtauRakit
Kalimat 394,spek,,B-Spek
Kalimat 394,v16,,B-Spek
Kalimat 394,vesta,,E-Spek
Kalimat 394,16,,O
Kalimat 394,ready,,B-Ketersediaan
Kalimat 394,gan,,O
Kalimat 395,min,,O
Kalimat 395,kirim,,B-Pengiriman
Kalimat 395,sulut,,B-Tempat
Kalimat 395,tambah,,O
Kalimat 395,packing,,B-Pengiriman
Kalimat 395,kayu,,E-Pengiriman
Kalimat 395,kah,,O
Kalimat 395,packing,,B-Pengiriman
Kalimat 395,kayu,,E-Pengiriman
Kalimat 395,berapa,,O
Kalimat 396,makan,,O
Kalimat 396,gta,,B-Game
Kalimat 397,kak,,O
Kalimat 397,v0,,B-Spek
Kalimat 397,vesta,,E-Spek
Kalimat 397,vga,,B-Spek
Kalimat 397,hd,,B-Spek
Kalimat 397,makan,,O
Kalimat 397,gensin,,B-Game
Kaliamt 398,kak,,O
Kaliamt 398,jakarta,,B-Tempat
Kaliamt 398,timur,,E-Tempat
Kaliamt 398,pakai,,O
Kaliamt 398,packing,,B-Pengiriman
Kaliamt 398,kayu,,E-Pengiriman
Kaliamt 398,aman,,O
Kalimat 399,sakalian,,O
Kalimat 399,instal,,B-Request
Kalimat 399,game,,B-Game
Kalimat 400,main,,B-Game
Kalimat 400,rdr,,B-Game
Kalimat 400,2,,O
Kalimat 400,kuat,,B-GamePerformance
Kalimat 400,kah,,O
Kalimat 400,kak,,O
Kalimat 401,monitor,,B-Device
Kalimat 401,kah,,O
Kalimat 402,kak,,O
Kalimat 402,makan,,O
Kalimat 402,game,,B-Game
Kalimat 402,ets2,,B-Game
Kalimat 403,gan,,O
Kalimat 403,opsi,,B-rekomendasi
Kalimat 403,spek,,B-Spek
Kalimat 403,vesta,,B-Spek
Kalimat 403,8gb,,O
Kalimat 403,vganya,,B-Spek
Kalimat 403,ganti,,B-Request
Kalimat 403,vga,,B-Spek
Kalimat 403,gt1030,,B-Spek
Kalimat 404,halo,,O
Kalimat 404,mau,,O
Kalimat 404,monitor,,B-Device
Kalimat 404,iya,,O
Kalimat 405,min,,O
Kalimat 405,cover,,B-Aksesoris
Kalimat 405,pcnya,,B-Device
Kalimat 405,kayak,,O
Kalimat 405,pc,,B-Device
Kalimat 405,kantor,,O
Kalimat 405,warna2i,,O
Kalimat 405,kayak,,O
Kalimat 405,foto,,O
Kalimat 406,kirim,,B-Pengiriman
Kalimat 406,timor,,B-Tempat
Kalimat 406,leste,,E-Tempat
Kalimat 406,aplikasi,,O
Kalimat 406,editng,,B-Kegiatan
Kalimat 406,sofware,,B-Software
Kalimat 406,terimah,,O
Kalimat 406,kasih,,O
Kalimat 407,kak,,O
Kalimat 407,pc,,B-Device
Kalimat 407,fullsetnya,,B-FullsetAtauRakit
Kalimat 407,wifinya,,B-Spek
Kalimat 408,wow,,O
Kalimat 408,classic,,O
Kalimat 408,rata,,B-GamePerformance
Kalimat 408,kanan,,E-GamePerformance
Kalimat 408,min,,O
Kalimat 408,kirim,,B-Pengiriman
Kalimat 408,papua,,B-Tempat
Kalimat 409,makan,,O
Kalimat 409,genshin,,B-Game
Kalimat 409,impact,,E-Game
Kalimat 409,medium,,B-GamePerformance
Kalimat 409,60fps,,B-GamePerformance
Kalimat 409,kuat,,B-GamePerformance
Kalimat 410,kirim,,B-Pengiriman
Kalimat 410,wilayah,,O
Kalimat 410,jawa,,B-Tempat
Kalimat 410,tambah,,O
Kalimat 410,packing,,B-Pengiriman
Kalimat 410,kayu,,B-Pengiriman
Kalimat 411,full,,B-FullsetAtauRakit
Kalimat 411,set,,E-FullsetAtauRakit
Kalimat 411,monitor,,B-Device
Kalimat 411,support,,O
Kalimat 411,4k,,B-DevicePerformance
Kalimat 411,kak,,O
Kalimat 412,pc,,B-Device
Kalimat 412,nih,,O
Kalimat 412,kuat,,B-GamePerformance
Kalimat 412,main,,O
Kalimat 412,game,,B-Game
Kalimat 412,iya,,O
Kalimat 412,gan,,O
Kalimat 414,on,,O
Kalimat 414,keyboard,,B-Device
Kalimat 414,mouse,,B-Device
Kalimat 414,jual,,O
Kalimat 414,pisah,,O
Kalimat 414,paket,,B-FullsetAtauRakit
Kalimat 414,pc,,B-Device
Kalimat 414,om,,O
Kalimat 415,kak,,O
Kalimat 415,install,,B-Request
Kalimat 415,games,,B-Game
Kalimat 415,pes,,B-Game
Kalimat 415,gta,,B-Game
Kalimat 415,dll,,O
Kalimat 416,min,,O
Kalimat 416,lampu,,B-Aksesoris
Kalimat 416,disync,,O
Kalimat 416,pakai,,O
Kalimat 416,app,,O
Kalimat 416,mobonya,,B-Spek
Kalimat 417,rtx,,B-Spek
Kalimat 417,3050,,O
Kalimat 417,6gb,,O
Kalimat 417,merk,,B-Merek
Kalimat 418,sorry,,O
Kalimat 418,tanya,,O
Kalimat 418,part,,O
Kalimat 418,build,,O
Kalimat 418,garansi,,B-Garansi
Kalimat 418,resmi,,B-Original
Kalimat 419,genshin,,B-Game
Kalimat 419,kak,,O
Kalimat 420,makan,,O
Kalimat 420,watt,,B-Spek
Kalimat 420,abang,,O
Kalimat 420,pcnya,,B-Device
Kalimat 420,pakai,,O
Kalimat 420,rtx,,B-Spek
Kalimat 420,3050,,O
Kalimat 420,8gb,,O
Kalimat 421,storagenya,,B-Spek
Kalimat 421,gb,,O
Kalimat 421,bro,,O
Kalimat 422,kak,,O
Kalimat 422,varian,,B-FullsetAtauRakit
Kalimat 422,dah,,O
Kalimat 422,n30,,O
Kalimat 422,white,,O
Kalimat 422,casing,,B-Aksesoris
Kalimat 422,spek,,B-Spek
Kalimat 422,kayak,,O
Kalimat 422,deskripsi,,O
Kalimat 423,kak,,O
Kalimat 423,makan,,O
Kalimat 423,game,,B-Game
Kalimat 423,valorant,,B-Game
Kalimat 423,fps,,B-GamePerformance
Kalimat 423,stabil,,B-GamePerformance
Kalimat 424,ssd,,B-Spek
Kalimat 424,up,,B-Request
Kalimat 424,512gb,,O
Kalimat 424,mobo,,B-Spek
Kalimat 424,ganti,,B-Request
Kalimat 424,b660m,,O
Kalimat 424,gan,,O
Kalimat 425,gan,,O
Kalimat 425,ssd,,B-Spek
Kalimat 425,up,,B-Request
Kalimat 425,512,,O
Kalimat 425,tambah,,O
Kalimat 426,gamenya,,B-Game
Kalimat 426,pilih,,B-Request
Kalimat 426,dilist,,O
Kalimat 426,pilih,,O
Kalimat 427,lancar,,O
Kalimat 427,lumion,,B-Software
Kalimat 427,11,,O
Kalimat 427,gan,,O
Kalimat 428,vga,,B-Spek
Kalimat 428,gan,,O
Kalimat 429,varian,,O
Kalimat 429,rtx,,B-Spek
Kalimat 429,3060,,E-Spek
Kalimat 429,12,,O
Kalimat 429,gb,,O
Kalimat 429,cooler,,B-Spek
Kalimat 429,ganti,,B-Request
Kalimat 429,jonsbo,,B-Spek
Kalimat 429,1400,,O
Kalimat 429,total,,O
Kalimat 430,gin,,O
Kalimat 430,rp13150000,,O
Kalimat 430,pakai,,O
Kalimat 430,3060,,B-Spek
Kalimat 430,ti,,E-Spek
Kalimat 431,vga,,B-Spek
Kalimat 431,ganti,,B-Request
Kalimat 431,rtx,,B-Spek
Kalimat 431,3060,,I-Spek
Kalimat 431,ti,,E-Spek
Kalimat 431,gan,,O
Kalimat 432,stok,,B-Ketersediaan
Kalimat 432,monitor,,B-Device
Kalimat 432,keyboard,,B-Device
Kalimat 432,mouse,,B-Device
Kalimat 432,gan,,O
Kalimat 433,vga,,B-Spek
Kalimat 433,ganti,,B-Request
Kalimat 433,3070,,B-Spek
Kalimat 433,gan,,O
Kalimat 433,merk,,B-Merek
Kalimat 433,vga,,B-Spek
Kalimat 434,toko,,B-Tempat
Kalimat 434,fisik,,E-Tempat
Kalimat 434,rakitin,,B-FullsetAtauRakit
Kalimat 435,maaf,,O
Kalimat 435,gan,,O
Kalimat 435,iyeu,,O
Kalimat 435,compatible,,O
Kalimat 435,win11,,B-Spek
Kalimat 436,min,,O
Kalimat 436,spesifikasi,,B-Spek
Kalimat 436,stabil,,O
Kalimat 436,listrik,,B-Spek
Kalimat 436,daya,,B-Spek
Kalimat 436,900,,O
Kalimat 436,watt,,B-Spek
Kalimat 437,muraaah,,B-Harga
Kalimat 437,anjir,,O
Kalimat 437,keren,,O
Kalimat 438,merek,,B-Merek
Kalimat 438,vga,,B-Spek
Kalimat 438,rtx,,B-Spek
Kalimat 438,3060,,I-Spek
Kalimat 438,pakai,,O
Kalimat 438,merk,,B-Merek
Kalimat 438,mas,,O
Kalimat 438,all,,O
Kalimat 438,komponen,,O
Kalimat 438,kah,,O
Kalimat 439,gan,,O
Kalimat 439,review,,B-Device
Kalimat 439,benchmark,,E-Device
Kalimat 439,kah,,O
Kalimat 440,power,,B-Spek
Kalimat 440,supply,,E-Spek
Kalimat 440,watt,,B-Spek
Kalimat 440,gan,,O
Kalimat 441,ganklw,,O
Kalimat 441,vga,,B-Spek
Kalimat 442,ssd,,B-Spek
Kalimat 442,ganti,,B-Request
Kalimat 442,1tb,,O
Kalimat 443,ram,,B-Spek
Kalimat 443,upgrade,,B-Request
Kalimat 443,kah,,O
Kalimat 443,gan,,O
Kalimat 444,min,,O
Kalimat 444,ganti,,B-Request
Kalimat 444,corenya,,B-Spek
Kalimat 444,i9,,B-Spek
Kalimat 445,gan,,O
Kalimat 445,konoonen,,O
Kalimat 445,ganti,,O
Kalimat 445,1,,O
Kalimat 445,hdd,,B-Spek
Kalimat 445,ganti,,B-Request
Kalimat 445,500,,O
Kalimat 445,ssd,,B-Spek
Kalimat 445,2,,O
Kalimat 445,vga,,B-Spek
Kalimat 445,rtx,,B-Spek
Kalimat 445,3050,,I-Spek
Kalimat 445,8gb,,O
Kalimat 445,ddr,,B-Spek
Kalimat 445,6,,O
Kalimat 445,berabapa,,O
Kalimat 445,total,,O
Kalimat 446,ganti,,B-Request
Kalimat 446,ssd,,B-Spek
Kalimat 446,512,,O
Kalimat 446,tambah,,B-Request
Kalimat 447,core,,B-Spek
Kalimat 448,ganti,,B-Request
Kalimat 448,core,,B-Spek
Kalimat 448,i7,,B-Spek
Kalimat 448,12700,,O
Kalimat 448,tambah,,B-Request
Kalimat 448,gan,,O
Kalimat 449,ganti,,B-Request
Kalimat 449,ssd,,B-Spek
Kalimat 449,sandisk,,B-Spek
Kalimat 449,512,,O
Kalimat 449,hdd,,B-Spek
Kalimat 449,2tb,,O
Kalimat 449,fan,,B-Aksesoris
Kalimat 449,warna,,O
Kalimat 449,putih,,O
Kalimat 450,ganti,,B-Request
Kalimat 450,mobonya,,B-Spek
Kalimat 450,b660,,O
Kalimat 450,gan,,O